Part,Qty,Unit Price,Total,Vendor
ESP32-S3-DevKitC-1 (N8R8 8MB Flash / 8MB PSRAM),1,7.50,7.50,Robu.in
3.5 inch ST7796 SPI TFT IPS Display Module (480x320),1,13.50,13.50,Robu.in
TI CC1101 Sub-1GHz RF Transceiver Module + Helical Antenna,1,4.50,4.50,Robu.in
PN532 NFC RFID Reader Module V3 (13.56 MHz),1,6.20,6.20,Robu.in
RDM6300 125kHz RFID Reader Module + Coil Antenna,1,3.40,3.40,Robu.in
MicroSD TF Card Socket Breakout Module (3.3V SDMMC),1,1.20,1.20,ElectronicsComp
TSOP38238 IR Receiver + 940nm High Power IR LEDs (Pack of 5),1,2.20,2.20,ElectronicsComp
Tactile Buttons (12x12mm) & D-pad Switches Assortment Kit,1,2.80,2.80,Robu.in
TP4056 Type-C 1A LiPo Battery Charging & Protection Module,2,0.90,1.80,Robu.in
3.7V 2500mAh 1S Rechargeable Pouch LiPo Battery,1,7.80,7.80,QuartzComponents
Custom 2-Layer FR4 Prototype Carrier PCBs (Batch of 5),1,5.00,5.00,JLCPCB
